(no author) = (no author) <no-author@openwebwork.org>
Apizer = Arnie Pizer <apizer@openwebwork.org>
apizer = Arnie Pizer  <apizer@openwebwork.org>
aubreyja = Jason Aubrey <aubreyja@openwebwork.org>
bmargolius = Barbara Margolius <bmargolius@openwebwork.org>
cma = CMA <cma@openwebwork.org>
davidjcovert = David J. Covert <david.j.covert@openwebwork.org>
david protas = David Protas <david.protas@openwebwork.org>
david smith = David Smith <david.smith@openwebwork.org>
dicklane = Dick Lane <dick.lane@openwebwork.org>
djun kim = Djun Kim <djun.kim@openwebwork.org>
dpvc = David Cervone <dpvc@openwebwork.org>
duncjo = Jonathan Duncan <duncjo@openwebwork.org>
gage = Michael Gage <gage@openwebwork.org>
glarose = Gavin LaRose <glarose@openwebwork.org>
gp = Greg Piepmeyer <grep.piepmeyer@openwebwork.org>
hagedorn = Thomas Hagedorn <hagedorn@openwebwork.org>
jj = John Jones <jj@openwebwork.org>
jjh2b = Jeff Holt <jjh2b@openwebwork.org>
jjholt = Jeff Holt <jjholt@openwebwork.org>
jonathan rogness = Jonathan Rogness <jonathan.rogness@openwebwork.org>
nandor.sieben = Nandor Sieben <nandor.sieben@openwebwork.org>
nbennett = Noah Bennett <nbennett@openwebwork.org>
nelly selem = Nelly Selem <nelly.selem@openwebwork.org>
nwodarz = Nathan Wodarz <nwodarz@openwebwork.org>
pearson = Paul Pearson <pearson@openwebwork.org>
rcruz = Robin Cruz <rcruz@openwebwork.org>
sh002i = Sam Hathaway <sh002i@openwebwork.org>
sroubos = Spyro Roubos <sroubos@openwebwork.org>
ted shifrin = Ted Shifrin <ted.shifrin@openwebwork.org>
whfreeman = W.H.Freeman <whfreeman@openwebwork.org>
ziemer = William Ziemer <ziemer@openwebwork.org>




